customer_id,name,email,country,signup_date
1,Allison Hill,donaldgarcia@example.net,Uganda,2025-01-23
2,Javier Johnson,jesseguzman@example.net,Congo,2025-06-05
3,Kimberly Robinson,lisa02@example.net,Jamaica,2024-08-17
4,Daniel Gallagher,daviscolin@example.com,Netherlands,2024-06-19
5,Monica Herrera,smiller@example.net,Niger,2025-10-14
6,Laura Bush,stanleykendra@example.org,Timor-Leste,2024-05-25
7,Jamie Chavez,francisco53@example.net,Ethiopia,2025-05-25
8,Maria Lynch,amandasanchez@example.com,Hong Kong,2024-06-23
9,Margaret Hawkins DDS,perezantonio@example.com,Iran,2024-06-21
10,Thomas Bradley,jason76@example.net,Kuwait,2024-03-16
11,David Hoffman,julie69@example.com,Guyana,2024-05-15
12,Brenda Snyder PhD,hernandezernest@example.net,Jamaica,2025-03-04
13,James Ferrell,tasha01@example.net,Turks and Caicos Islands,2025-01-17
14,Patricia Peterson,ryan70@example.net,Turkey,2025-06-07
15,Jonathan White,harrellkenneth@example.net,Madagascar,2025-03-14
16,James Martin,georgetracy@example.org,Vanuatu,2024-09-03
17,Sandra Parker,allenashley@example.org,Belize,2025-06-17
18,Mr. Philip Cannon,donnaarroyo@example.org,Estonia,2025-01-09
19,Jenny Lewis,jenniferross@example.net,Pakistan,2024-09-12
20,Joseph Martinez,calebsmith@example.net,Denmark,2025-02-26
21,Benjamin Welch,carlosjohnson@example.com,Barbados,2024-12-30
22,Michael Lewis,jenniferkhan@example.net,Lebanon,2024-06-02
23,Rhonda Lee,hopkinsmichael@example.com,Lao People's Democratic Republic,2025-09-27
24,Megan Joyce,brownjessica@example.org,Egypt,2024-04-23
25,Jerry Henderson,steven17@example.net,Bolivia,2024-01-05
26,Kimberly Smith,housemelinda@example.org,Ireland,2024-12-08
27,Dr. Steven Martin,gallowayjoseph@example.com,France,2024-10-20
28,Monica Logan,smoore@example.org,Azerbaijan,2025-02-18
29,Amy Edwards,silvawesley@example.net,Cayman Islands,2024-01-10
30,Angela Lopez,leonardjoe@example.org,Western Sahara,2025-10-18
31,Lauren Williams,barnesbrandy@example.net,Germany,2025-11-22
32,Michael Edwards,randy47@example.com,Vanuatu,2025-07-02
33,Alexandra Howell,jonesjason@example.com,Bulgaria,2025-11-20
34,Benjamin Sanchez,eric84@example.net,Sri Lanka,2025-04-17
35,Mary Spencer,mcmillandennis@example.org,Tuvalu,2024-02-18
36,Brittney Campbell,jenniferharris@example.net,Timor-Leste,2024-06-19
37,Danielle Odonnell,davisrodney@example.com,Aruba,2023-11-29
38,Carlos Whitney,joycearnold@example.com,Monaco,2023-12-04
39,Tony Vazquez,amydavenport@example.net,Micronesia,2024-03-21
40,Andrew Diaz,nolanjason@example.org,Papua New Guinea,2024-02-14
41,Justin Baxter,sarayoung@example.org,South Georgia and the South Sandwich Islands,2025-08-17
42,Jason White,kimberly63@example.com,Cayman Islands,2025-07-30
43,Janet Williams,dwalker@example.com,Gambia,2025-08-25
44,Crystal Johnson,raymondramirez@example.org,Sierra Leone,2024-06-30
45,Jordan Frazier,sheila14@example.org,Mozambique,2024-06-20
46,Kyle Reed,samuel81@example.com,United Arab Emirates,2025-02-16
47,Andrew Graham,michaeljones@example.net,Uruguay,2024-08-09
48,Mary Martinez,william65@example.com,Qatar,2024-07-13
49,Cheryl Ortega,lbyrd@example.net,Montenegro,2024-07-17
50,Roy Torres,russellcarpenter@example.net,Gibraltar,2024-11-22
51,Michael Dixon,donnacampbell@example.net,North Macedonia,2025-03-21
52,Robert Potter,jeffrey32@example.org,Aruba,2024-06-04
53,Miss Patricia Gibson,jennifercruz@example.com,Ecuador,2024-03-20
54,Abigail Potter,osbornejeffery@example.net,Maldives,2024-11-21
55,David Charles,danderson@example.net,Marshall Islands,2025-02-03
56,Tiffany Vance,jrivas@example.com,Ukraine,2024-03-29
57,Karen Green,maryramirez@example.net,Libyan Arab Jamahiriya,2025-03-27
58,Jeremiah Reeves,josephflores@example.net,Belgium,2024-03-13
59,James Hernandez,calebrussell@example.net,Lao People's Democratic Republic,2024-10-14
60,Ross Price,gateskathy@example.com,Lesotho,2023-12-01
61,Elizabeth Price,vmedina@example.net,South Georgia and the South Sandwich Islands,2025-03-09
62,Katherine Nelson,vjohnson@example.net,Philippines,2025-08-07
63,Christopher Mcdonald,tinaferguson@example.com,Nauru,2025-02-07
64,Angela Patterson,qwhite@example.com,Greece,2024-05-09
65,George Hobbs,karen64@example.org,Latvia,2023-12-12
66,Amy Crane,debraharrington@example.net,Armenia,2025-07-04
67,David Combs,johnwells@example.org,Mongolia,2024-05-14
68,David Wood,stricklandfrank@example.com,Botswana,2025-02-18
69,Eric Byrd,tsanders@example.org,Belarus,2025-02-28
70,Lori Garcia,melissa91@example.net,Slovenia,2023-12-28
71,Jeffrey Wood,alexander67@example.org,Jersey,2024-09-03
72,Sandra Zimmerman,hthompson@example.net,Faroe Islands,2025-03-19
73,Kimberly Webb,lpetersen@example.com,Gibraltar,2025-09-18
74,Timothy Ramirez,dsanchez@example.net,New Zealand,2025-04-28
75,Allen Rosales,tonykelly@example.com,Guam,2024-07-01
76,Meredith Hill,blackjames@example.org,Saint Helena,2024-10-07
77,Peter Vaughn DDS,bwest@example.org,French Polynesia,2024-05-17
78,David Beck,thomas85@example.com,Samoa,2025-01-27
79,Michael Nelson,jerry35@example.org,Samoa,2025-01-16
80,Melissa Lee,lhill@example.net,Nepal,2024-07-03
81,Dr. Elizabeth Ward,alexis82@example.com,Aruba,2024-01-08
82,Melissa Martinez,agarcia@example.net,Finland,2024-11-25
83,Glen Sheppard,shelley71@example.org,Iran,2024-12-12
84,Mark Brown,lisaavery@example.org,Egypt,2024-02-27
85,Jennifer Carlson,kimberlyjames@example.com,French Southern Territories,2025-09-25
86,Jessica Carroll,lynchjody@example.org,Niue,2024-05-08
87,Brad Allen,moorericky@example.net,Nepal,2024-11-25
88,David Mann,ojones@example.com,Solomon Islands,2025-08-02
89,Mary Peck,owilson@example.net,Canada,2025-11-01
90,Charles Brown,brooke94@example.com,British Virgin Islands,2024-11-25
91,Melissa Bender,mkim@example.org,Tuvalu,2024-10-27
92,Lindsey Johnson,suzannehuff@example.net,Namibia,2023-12-13
93,Miss Debra Williams PhD,cstone@example.com,Cocos (Keeling) Islands,2025-02-23
94,Robert Costa,vbailey@example.com,Paraguay,2024-02-16
95,Erin Steele,elaine68@example.org,Korea,2024-02-03
96,Frank Cordova,ahancock@example.net,Trinidad and Tobago,2025-01-21
97,Anthony Stone,wgarrett@example.org,Costa Rica,2024-06-21
98,Tanya Kim,omartinez@example.net,South Georgia and the South Sandwich Islands,2024-05-30
99,Emily Smith,hdavis@example.com,Yemen,2024-02-26
100,Brittany Cantu,william46@example.com,Latvia,2024-06-03
101,Charles Lee,michellehill@example.com,Guam,2025-11-21
102,Debra Smith,mary97@example.org,Kiribati,2025-01-18
103,Mr. Phillip Bennett,molly39@example.com,Djibouti,2025-09-21
104,Amanda Garner,qhughes@example.net,Canada,2024-12-15
105,Beth Sanford,molly71@example.net,United States Minor Outlying Islands,2024-11-15
106,Charles Pitts,charlesharrington@example.com,Guadeloupe,2025-03-25
107,Marie Christian,ofinley@example.net,Tuvalu,2025-07-08
108,Joshua Williamson II,wendy16@example.org,Senegal,2025-04-02
109,Ashlee Jackson,rebecca05@example.org,French Polynesia,2024-08-31
110,Charles Schmidt,georgemiller@example.com,Niger,2025-05-10
111,Thomas Thomas,dlittle@example.com,Papua New Guinea,2023-12-04
112,Julie Roberts,charleslandry@example.net,French Southern Territories,2025-04-06
113,Melissa Bryant,james67@example.org,Dominica,2024-09-18
114,Laura Haney,andrew64@example.org,Mongolia,2025-09-28
115,Natasha Williams,swall@example.org,New Caledonia,2025-08-10
116,Mark Oliver,courtneyberger@example.net,Armenia,2024-07-23
117,Amanda Diaz,christopherphillips@example.net,Israel,2024-04-11
118,Richard Walter,alyssa42@example.com,United States Minor Outlying Islands,2025-08-28
119,Tracy Phillips,linda71@example.org,Saudi Arabia,2024-05-20
120,Misty Whitney,christopher60@example.com,Mauritania,2024-03-01
121,Michael Chambers,xcarson@example.org,Peru,2024-05-26
122,Manuel Hahn,rose31@example.net,Swaziland,2024-11-21
123,Elizabeth Ortiz,brandonjohnson@example.com,Brazil,2024-02-10
124,Joshua Price,ellen86@example.net,Samoa,2025-06-13
125,Jason Garcia,rgilbert@example.org,Portugal,2024-09-09
126,Jeremy Young,cory58@example.net,Guinea-Bissau,2024-01-13
127,Colton Martinez,ndavis@example.net,Northern Mariana Islands,2025-03-04
128,Amber Cook,kristinharris@example.net,Cote d'Ivoire,2025-02-24
129,Sergio Murphy,kristinacarlson@example.com,Togo,2024-03-18
130,Ms. Rebecca Rodriguez,andersonmichael@example.org,Namibia,2024-08-04
131,Derek Martinez,vfox@example.org,Lebanon,2024-11-09
132,Kayla Rodriguez,soniawilliams@example.net,Mali,2024-07-18
133,Victor Brown,bboone@example.net,Botswana,2024-12-11
134,Jill Lam,charlene12@example.com,Nigeria,2025-04-01
135,Michelle James,shawn96@example.org,South Africa,2025-05-25
136,Matthew Rich,russellbeasley@example.com,Guadeloupe,2025-08-30
137,Jason Davis,qedwards@example.com,Zimbabwe,2024-03-24
138,Kara Davis,daviscolin@example.net,Holy See (Vatican City State),2025-08-18
139,Anthony Frye,elizabeth65@example.net,Wallis and Futuna,2025-07-01
140,Thomas Williams,caroline51@example.net,Madagascar,2024-05-10
141,John Boone,megan51@example.com,Montserrat,2024-05-20
142,Sarah Villegas,lynchdiane@example.net,Ethiopia,2023-12-19
143,Michael Parker,michael22@example.net,Palestinian Territory,2024-10-03
144,Patrick Bonilla,reesejason@example.com,Korea,2024-08-17
145,Eric Nguyen,wareeric@example.net,Australia,2025-05-03
146,Jeremy Coleman,nperry@example.net,Brazil,2024-08-21
147,Douglas Gregory,trose@example.org,Cyprus,2024-09-29
148,Mrs. Christine Dougherty,kathrynroberts@example.org,Albania,2024-12-17
149,Casey James,vincentwhitaker@example.com,Barbados,2024-09-30
150,Amanda Smith,atkinsbarbara@example.net,Iraq,2025-05-31
151,Donna Sullivan,george97@example.net,Uruguay,2024-09-03
152,Ryan Sanchez,zwarren@example.com,Samoa,2024-08-16
153,Richard Jones,schmidtjames@example.com,Guernsey,2025-06-13
154,Maria Hernandez,thomasjames@example.net,Cape Verde,2025-07-09
155,Angela Bean,kmarshall@example.net,Kiribati,2025-05-09
156,Kristy Reid,michelle52@example.com,Bangladesh,2024-11-25
157,Eric Hill,bellcharles@example.com,Korea,2023-12-26
158,Ronald Jones,gilbertwilliam@example.com,Mozambique,2025-01-30
159,Nancy Williams,marcalvarez@example.org,Bahamas,2024-11-10
160,Steven Cooper,wagnergerald@example.org,Russian Federation,2024-11-01
161,Kelly Bishop MD,paul59@example.org,Somalia,2025-03-31
162,Andrea Davis,umitchell@example.net,United States of America,2025-03-09
163,Felicia Aguilar,sabrinacollins@example.net,Qatar,2025-04-24
164,Kurt Hurley,angelica52@example.net,Reunion,2025-08-31
165,Yolanda Gaines,lucasrodney@example.com,Andorra,2024-09-03
166,Trevor Peterson,ilee@example.org,Belarus,2024-07-13
167,Ashley Wise,stanleynancy@example.net,Bulgaria,2025-03-04
168,Christopher Guerra,jenniferwilliams@example.com,Philippines,2025-06-07
169,Jeremy Mitchell,pyoung@example.com,Sudan,2025-07-28
170,Russell Richardson,smurray@example.com,Macao,2025-01-09
171,Christopher Gonzalez,moniquewilliams@example.com,Tunisia,2024-09-10
172,Ashley Singleton,mitchellkathryn@example.com,Korea,2025-10-30
173,Sandra Davis,lisawilkerson@example.org,Israel,2024-01-07
174,James Hughes,brooksanthony@example.org,Taiwan,2025-06-04
175,Raven Taylor,samantha72@example.net,Latvia,2024-11-09
176,Susan Smith,marydunn@example.net,New Caledonia,2025-01-09
177,Ricardo Young,williamsrobert@example.net,Kuwait,2024-01-14
178,Taylor Carlson,chenbailey@example.net,Cambodia,2024-07-10
179,Lucas Allen,qlopez@example.org,Malta,2024-09-02
180,Joseph Romero,myerstheodore@example.net,Iceland,2024-09-11
181,Alan Kramer,john19@example.net,Saudi Arabia,2024-08-11
182,Harold Morgan,mariacohen@example.net,Lesotho,2025-03-31
183,Chad Baldwin,mjohnson@example.org,Somalia,2024-04-29
184,Emily Collins,ihays@example.com,El Salvador,2023-12-25
185,Cheryl Kelly,glennmartin@example.org,South Georgia and the South Sandwich Islands,2024-09-07
186,James Gonzales,lmorgan@example.com,Puerto Rico,2024-12-17
187,Robert Adams,acostachristian@example.net,Swaziland,2024-04-15
188,Erica Miller,kirk96@example.org,Portugal,2024-11-05
189,Andrew Berg,christina64@example.net,Somalia,2024-01-10
190,Mark Cox,stephaniethomas@example.net,Philippines,2025-07-25
191,Cameron Young,michael90@example.net,Cape Verde,2025-05-07
192,Jacob Wallace,berryalyssa@example.com,Germany,2025-04-14
193,Tyler Johnson,victorhughes@example.net,British Indian Ocean Territory (Chagos Archipelago),2024-06-17
194,Michele Lewis,heather73@example.org,Burkina Faso,2025-09-19
195,Christopher Reeves,cochrantammy@example.com,Papua New Guinea,2024-08-22
196,Krista Roberts,melissa25@example.net,Czech Republic,2024-02-29
197,Dr. Cynthia Snyder,angela57@example.net,Bulgaria,2025-03-16
198,Ana Sanders,xfox@example.com,Swaziland,2025-02-15
199,William Day,howens@example.com,Brunei Darussalam,2025-10-08
200,Kristen Matthews,ryanbartlett@example.org,Switzerland,2024-03-02
201,Elizabeth Martin,michaeleverett@example.com,Tanzania,2024-01-27
202,Mark Pierce,colleenmendez@example.org,Macao,2025-04-07
203,Todd Moore,megan90@example.org,Belgium,2024-01-01
204,Patricia Baker,katiebutler@example.net,Antarctica (the territory South of 60 deg S),2024-12-17
205,Kimberly May,timothy64@example.com,Barbados,2025-05-14
206,Jeffrey Washington,matthewthomas@example.net,Ghana,2025-06-19
207,Haley Ross PhD,floressteven@example.com,Korea,2024-06-06
208,Anthony Dougherty,kwright@example.com,Vietnam,2025-02-17
209,Cheryl Moore,tjimenez@example.com,Angola,2024-02-04
210,Kathy Levy,brandywilliams@example.com,Lithuania,2025-03-05
211,Martha Ruiz,booneryan@example.com,Saint Lucia,2024-09-06
212,Holly Morales,michaelroberts@example.com,Madagascar,2024-11-10
213,Diana Hays,andersoncolin@example.com,South Africa,2024-08-16
214,Holly Thomas,cporter@example.org,Burundi,2025-06-03
215,John Bryant,markaustin@example.org,India,2025-03-19
216,Elizabeth Rogers,terickson@example.com,Suriname,2023-12-09
217,Michael Whitney,laura09@example.com,Estonia,2025-04-19
218,Paula Lane,silvageorge@example.net,Saint Helena,2025-03-22
219,Jamie Underwood,anthonyvaughan@example.org,Comoros,2023-12-11
220,Jason Gutierrez,roberthampton@example.com,Tunisia,2025-09-15
221,Amy Taylor,annbolton@example.com,Malta,2024-09-14
222,Christopher Barr,amy49@example.com,Congo,2024-06-05
223,Edwin David,kellie37@example.com,Lesotho,2024-08-23
224,Taylor Griffith,david86@example.com,Svalbard & Jan Mayen Islands,2024-08-21
225,Regina Roberts,stephanie15@example.com,Palau,2024-06-13
226,Cindy Clayton,sarah42@example.org,Nicaragua,2025-06-24
227,Dana Santiago,danawilliams@example.com,Greenland,2025-06-06
228,Michael Taylor,richarddonovan@example.com,Lesotho,2025-04-15
229,Victor Morris,velezchristopher@example.net,Djibouti,2025-01-15
230,Sarah Johnson,robertmonroe@example.org,Taiwan,2024-09-30
231,Charlotte Curry,nancy04@example.net,Netherlands,2024-02-18
232,Frances Gibson,ismall@example.net,Lao People's Democratic Republic,2024-06-25
233,Brian Martin,twong@example.org,American Samoa,2025-06-21
234,Edward Craig,gregorychase@example.com,Sweden,2024-10-24
235,Angie Caldwell,tinawoods@example.org,Albania,2024-06-16
236,Jeremy Adams,kevin90@example.com,Palau,2024-09-01
237,Amy Wilson,erik84@example.net,British Indian Ocean Territory (Chagos Archipelago),2025-04-06
238,Elizabeth Mendez,susanmendoza@example.com,San Marino,2025-03-11
239,Michael Durham,kathleenbecker@example.net,Tunisia,2025-07-30
240,Jeremy Padilla,starkdaniel@example.net,United Kingdom,2024-12-23
241,Joshua Martin,nwilson@example.net,Myanmar,2024-12-10
242,Jordan Stokes,aanderson@example.com,Mongolia,2024-01-10
243,Megan Parker,fosterlisa@example.net,Cuba,2025-02-18
244,Jeff Graves,michaelcesar@example.com,Antigua and Barbuda,2024-07-06
245,Randy Cannon,ybrooks@example.com,Trinidad and Tobago,2025-11-08
246,Jaime Vega,desireebailey@example.org,Mauritania,2024-09-27
247,Monica Walker,avilatiffany@example.com,Peru,2025-06-07
248,Kim Morrow,stevenmoore@example.org,Vietnam,2025-10-06
249,Ashley Pacheco,bmendez@example.org,Costa Rica,2024-01-18
250,Andrew Harper,sanchezbradley@example.com,Djibouti,2025-01-19
251,Scott Brown,jim95@example.net,Netherlands Antilles,2025-07-19
252,Erica Turner,valerieboyd@example.com,French Southern Territories,2024-06-27
253,Travis Hobbs,conniesimmons@example.com,Australia,2024-08-20
254,Megan Floyd,heather62@example.com,Honduras,2024-04-17
255,Kara Atkinson,meredith27@example.org,Monaco,2024-10-12
256,Kristin Anderson,jonathanrivera@example.org,Uzbekistan,2024-11-10
257,Anna Hardy,brettbennett@example.net,Netherlands,2023-12-27
258,Chelsea Gill,timothybooth@example.com,Gabon,2025-11-02
259,Timothy Hayden,burgesskaren@example.org,Qatar,2025-03-10
260,Jennifer Allen,kimberly67@example.net,Pakistan,2024-09-01
261,Ian Andrade,ugarcia@example.com,Senegal,2025-09-09
262,Dale Edwards,hartjeffrey@example.org,Andorra,2024-06-16
263,Lauren Cortez,elijah53@example.com,Montenegro,2025-09-04
264,Juan Harding,jonathan77@example.com,Chile,2025-06-18
265,Caroline Cortez,iwhite@example.net,Bahamas,2025-01-06
266,Ryan Landry,duranrobert@example.net,Djibouti,2024-01-18
267,Alexa Wagner,bruce97@example.net,Libyan Arab Jamahiriya,2023-12-09
268,Juan Smith,amanda40@example.net,Suriname,2025-05-22
269,Renee Browning,hullalice@example.org,Congo,2025-03-22
270,Robin Adams,zmiller@example.com,Mongolia,2024-06-02
271,Courtney Sutton DVM,davisnicholas@example.net,Lebanon,2024-01-09
272,Michele Miller,vnewman@example.net,Togo,2024-02-09
273,Tamara Hall,enelson@example.net,Uzbekistan,2024-07-01
274,Kristy Johnson,alexis39@example.org,Sao Tome and Principe,2025-08-25
275,Jennifer Jones,anneknight@example.com,Philippines,2025-10-23
276,Janet Singh,masonterri@example.org,Bolivia,2024-10-31
277,Billy Jacobs,unovak@example.org,North Macedonia,2024-06-26
278,Joanne Perez,rreynolds@example.net,Panama,2024-09-17
279,Luke Yates,millereric@example.net,Slovenia,2025-04-02
280,James Ward,smithkyle@example.com,Senegal,2024-06-23
281,Brandon Jordan,fgarcia@example.com,Micronesia,2024-02-07
282,Rachel Shields,carterpaul@example.org,Saint Kitts and Nevis,2025-10-26
283,Wendy Sanchez,ginajackson@example.com,Gabon,2024-06-22
284,Arthur Hamilton MD,xpatton@example.com,Western Sahara,2024-06-05
285,Kathleen Jensen,trodriguez@example.org,Yemen,2024-09-29
286,Manuel Brock,scott69@example.org,French Southern Territories,2024-08-02
287,Melissa Mendoza,tamaranovak@example.com,Saint Pierre and Miquelon,2025-05-19
288,Tracy Casey,nicholas65@example.org,Venezuela,2025-02-06
289,Zachary White,bentonsteven@example.net,Cote d'Ivoire,2024-11-01
290,Sandra Jones,ichambers@example.net,Gabon,2024-06-01
291,Christian Henderson,mjones@example.com,Myanmar,2024-10-03
292,Tammy Kane,ystephens@example.com,Reunion,2025-10-22
293,Linda Rocha,mackdiane@example.com,Chad,2025-04-12
294,Kristine Newman,vrasmussen@example.com,Botswana,2023-12-05
295,Daniel Burgess,seanmyers@example.net,Namibia,2025-05-16
296,Haley Johnson,phillipssamantha@example.org,Brazil,2025-09-02
297,Brenda Collins,hmueller@example.com,Guernsey,2024-11-30
298,Nathan Chavez,evanslisa@example.org,Angola,2025-09-16
299,Brian Marsh,zacharyarnold@example.com,Monaco,2024-10-23
300,Crystal Sullivan,jacobsandoval@example.com,Antarctica (the territory South of 60 deg S),2025-06-21
301,Christina Vargas,nsmith@example.org,Fiji,2025-07-03
302,Rebecca Ray,michaelgonzalez@example.org,Estonia,2025-04-30
303,Kelsey Fowler,lcarr@example.org,Guernsey,2024-08-26
304,Lisa Cervantes,samantha91@example.net,Burkina Faso,2024-07-27
305,Eric White,williambarnes@example.org,Morocco,2024-09-20
306,John Medina,angelaburns@example.org,Colombia,2024-07-28
307,Lisa Glenn,washingtonjames@example.com,Monaco,2024-12-23
308,Jennifer Vasquez,fburns@example.net,Antarctica (the territory South of 60 deg S),2025-08-06
309,Dorothy Hill,gary79@example.net,Sierra Leone,2025-07-13
310,Jorge Armstrong III,amber07@example.net,Cuba,2024-10-22
311,Ronald Potter,nancy07@example.com,Guernsey,2025-09-26
312,Jessica Mcknight,jasonrojas@example.net,Guernsey,2025-09-25
313,Mackenzie Martin,kristenli@example.org,Montenegro,2024-08-25
314,Linda Jackson,keith48@example.net,Suriname,2024-02-08
315,Paul Jenkins,riddlemichelle@example.org,Reunion,2025-09-29
316,Charles Morris,kathleenlowe@example.com,Cambodia,2025-02-17
317,Lori Brooks,schultznicole@example.org,Iraq,2024-12-31
318,Melissa Wiley,uclements@example.net,Afghanistan,2025-10-01
319,Morgan Simon,sreid@example.com,Thailand,2024-01-15
320,Jennifer Donaldson,troymorris@example.com,Guadeloupe,2025-01-25
321,Kylie Washington,patricia00@example.org,Niue,2025-07-27
322,Alexis Noble,scottsmith@example.com,Cook Islands,2025-05-14
323,Sonia Turner,clarence54@example.org,Holy See (Vatican City State),2025-04-26
324,Carol Sanders,jessica36@example.net,Bermuda,2025-05-26
325,Daniel Miller,aprilwallace@example.org,Qatar,2024-08-19
326,Virginia Henderson,timperez@example.org,Saint Martin,2025-08-14
327,Erik Ibarra,patrickli@example.org,Norway,2025-05-05
328,Joseph Smith,scottbowen@example.net,San Marino,2024-03-23
329,Lisa Ramos,christophergarcia@example.org,Namibia,2025-06-16
330,Victor Edwards,johnnewman@example.org,Micronesia,2025-03-07
331,Lisa Maxwell,abbottdominique@example.com,Costa Rica,2025-01-02
332,Chelsea Myers,bowerslaura@example.org,Lithuania,2024-09-21
333,Jonathan Wheeler,hatfieldsarah@example.org,Iceland,2025-09-25
334,Jennifer Payne,kathrynbest@example.org,Andorra,2025-02-25
335,Dennis Williams,fryraymond@example.com,Niue,2025-06-02
336,Jennifer Miles,davidsonamanda@example.org,Fiji,2024-01-30
337,Jorge Harris,amandamyers@example.net,Serbia,2025-09-05
338,Maria Collins,pblair@example.org,Ecuador,2024-02-01
339,Audrey Salazar,parkerjudith@example.net,China,2024-02-27
340,Chad Smith,hbenton@example.net,Slovenia,2025-08-26
341,Carol Martinez,jessica10@example.com,Sri Lanka,2024-10-25
342,Austin Joseph,crawfordwilliam@example.org,Luxembourg,2025-09-24
343,Holly Scott,shannonemily@example.org,Denmark,2025-06-24
344,Amanda Roy,brandoncox@example.org,Christmas Island,2025-11-19
345,Amanda Pratt,pwalker@example.com,United States Virgin Islands,2025-06-08
346,Roger Duncan,shawrachel@example.org,Czech Republic,2025-08-12
347,Amber Morales,xcline@example.com,Greece,2024-02-02
348,Aimee Gonzalez,jodi37@example.com,Nauru,2024-12-14
349,Dr. Morgan Payne PhD,adamortiz@example.org,Mauritius,2024-08-22
350,Melissa Smith,aaron64@example.org,Costa Rica,2025-01-11
351,Mrs. Tonya Kaufman,jenniferdavis@example.org,Ukraine,2025-09-13
352,Mercedes Watson,carpenterwilliam@example.net,Svalbard & Jan Mayen Islands,2024-09-28
353,Keith Graham,joelgreen@example.com,Vanuatu,2025-08-10
354,Ronnie Nguyen,enelson@example.org,Burkina Faso,2025-07-24
355,Ashley Garcia,aowens@example.org,Mauritania,2024-08-31
356,Christine Parker,melissa12@example.net,Gabon,2025-08-29
357,Lindsey Lewis,eddie35@example.com,Malaysia,2024-01-04
358,Debbie Ewing,cranemelissa@example.net,San Marino,2025-01-27
359,Joel Lara,davidbrown@example.org,Bulgaria,2024-04-28
360,Jacqueline Mccoy,aguilarjonathan@example.org,Angola,2024-01-16
361,Matthew Lamb,steinmaria@example.com,British Virgin Islands,2023-12-30
362,Amber Glass,zunderwood@example.com,Antarctica (the territory South of 60 deg S),2024-09-19
363,Carrie Lewis,joshuagriffin@example.org,Antigua and Barbuda,2025-03-17
364,Danielle Phillips,eandrade@example.org,Benin,2024-07-01
365,Jason Day,crystalpham@example.org,Hong Kong,2025-07-26
366,Karen Harrington,roberta85@example.com,Faroe Islands,2024-04-14
367,Kyle Johnson,brian78@example.com,Seychelles,2025-02-22
368,Dr. Ariel Sandoval MD,gallagherstacie@example.net,Tanzania,2025-08-07
369,Timothy Frey,gregorywatkins@example.net,Qatar,2024-08-31
370,Alyssa Haynes,annalopez@example.com,Mauritius,2024-07-24
371,Andrew Brown,andrewwoods@example.com,United States Virgin Islands,2025-03-18
372,Carlos Love,brian29@example.net,United States Virgin Islands,2024-03-16
373,Sarah Valencia,brookssheri@example.com,Namibia,2024-02-13
374,Frank Daugherty,fconner@example.net,Ghana,2024-04-10
375,Kristina Preston,jeffrey92@example.com,Gambia,2025-06-19
376,Bethany Daniel,xrosales@example.net,Antigua and Barbuda,2024-04-16
377,Tammy Ponce,daniellegarcia@example.com,Cambodia,2024-08-10
378,Cynthia Haas,daisymccarty@example.net,Paraguay,2025-04-06
379,Gabriela Smith,johnjones@example.com,Solomon Islands,2024-02-18
380,Amber Kim,acosta@example.com,Turkmenistan,2024-09-16
381,James Poole,franciscojones@example.org,French Polynesia,2023-12-12
382,Trevor Jones,pamelamartin@example.org,Mexico,2025-10-24
383,Gail Galloway,bbush@example.net,Chad,2025-03-12
384,Brooke Garcia,terriortiz@example.net,Saint Helena,2025-11-14
385,Deborah Campbell,codylong@example.net,Tajikistan,2024-12-12
386,Isaac Patterson,madison97@example.org,Bhutan,2023-12-16
387,Mark Rowland,tanthony@example.com,Latvia,2024-12-10
388,Deborah May,ylopez@example.com,Colombia,2024-11-07
389,Jeremiah Baker,anne21@example.org,Paraguay,2024-08-20
390,Jennifer Avila,angelarandall@example.net,Italy,2025-01-15
391,Taylor Armstrong,thomasmiller@example.net,Antigua and Barbuda,2024-12-20
392,Kellie Duncan,davidtodd@example.org,Yemen,2024-04-04
393,Rhonda Martinez,rmiller@example.com,Cook Islands,2025-08-26
394,Sandra Scott,millerangela@example.net,Greece,2025-09-22
395,Jimmy Marks,jrodriguez@example.org,Montenegro,2025-02-25
396,Traci Garcia,hartcraig@example.com,Trinidad and Tobago,2025-01-16
397,Sherry Baker,earmstrong@example.org,China,2024-06-27
398,Luke Becker,vwilliams@example.net,Dominica,2024-01-04
399,Tammie Prince,morganlaura@example.com,Fiji,2025-09-11
400,Michael Garcia PhD,kevinmanning@example.com,Ethiopia,2025-06-15
401,Matthew Lopez,robinrussell@example.com,Senegal,2025-01-01
402,Samantha Robertson,cameronmckinney@example.com,Burkina Faso,2025-07-25
403,Sherry Johnson,nancygonzalez@example.org,Egypt,2023-12-22
404,Thomas Bush,micheal78@example.com,North Macedonia,2025-11-12
405,Andre Watson,ethompson@example.net,Micronesia,2024-08-24
406,Ryan Green,mitchellpaul@example.org,Timor-Leste,2025-02-13
407,Cindy Walker,ericaadams@example.com,Malaysia,2023-12-12
408,Tracy Fleming,pbuck@example.org,Netherlands Antilles,2025-08-10
409,David Trujillo,jennifer46@example.com,Timor-Leste,2024-08-23
410,Daniel Turner,asilva@example.net,Panama,2025-09-11
411,Kristina Wheeler,kenneth17@example.org,Guadeloupe,2024-06-28
412,Shannon Green,jacob83@example.org,Sri Lanka,2025-09-22
413,Lindsay Guerrero,jenniferrios@example.com,Eritrea,2025-10-31
414,James Johnson,matthewreeves@example.net,Martinique,2025-04-05
415,Susan Powers,megan82@example.com,Bhutan,2024-11-26
416,David Stokes,staceylam@example.net,Benin,2024-05-17
417,Patrick Parker,nathan94@example.com,Thailand,2024-02-26
418,Sean Silva,kennedyjames@example.org,Trinidad and Tobago,2025-05-08
419,Edwin Brown,derrickgonzalez@example.com,Montenegro,2025-10-20
420,Judith Stewart,kimberlyfreeman@example.net,Christmas Island,2024-07-27
421,Abigail Hill,barbaramoore@example.org,Bulgaria,2025-03-18
422,Jeffrey Patterson,creyes@example.net,Cook Islands,2025-06-16
423,Adrian Morris,andrewsmith@example.net,Egypt,2024-05-20
424,Haley Anderson,tgordon@example.org,Bahrain,2025-08-27
425,Travis Bryant,ryan25@example.com,Guinea-Bissau,2025-07-01
426,Travis Hull,osmith@example.net,Bulgaria,2024-05-09
427,Leah Jackson,jennifer06@example.net,Equatorial Guinea,2025-07-18
428,Amber Vang,valdezandrew@example.net,Brazil,2024-10-15
429,Caleb King,jamiejennings@example.org,Gabon,2024-10-18
430,Mary Nelson,robertroach@example.net,Saint Helena,2025-03-20
431,Brian Rodriguez,chelseastrickland@example.net,Cook Islands,2024-08-31
432,Elizabeth Williams,slozano@example.com,Greenland,2024-05-27
433,Michael Meadows,fhernandez@example.net,Belarus,2025-06-11
434,Summer Newman,shinton@example.com,Kyrgyz Republic,2024-01-04
435,Christopher Williams,michael56@example.net,Brazil,2024-02-08
436,Stefanie Smith,elizabethjackson@example.com,Uganda,2024-10-31
437,Debra Quinn,lisa21@example.com,Iran,2024-11-15
438,James Jefferson,zbanks@example.org,Bouvet Island (Bouvetoya),2024-03-08
439,Amy Dunlap,dalepruitt@example.com,Spain,2025-02-10
440,Catherine James,cheryl27@example.com,Bouvet Island (Bouvetoya),2025-10-16
441,Angel Green,alexander89@example.net,Mongolia,2024-05-18
442,Mckenzie Morgan,reynoldsjessica@example.com,Guatemala,2025-04-25
443,Janice Combs,smithsarah@example.net,Thailand,2024-11-25
444,Sheila Jones,vflores@example.com,Australia,2024-12-24
445,Mason Powell,christianwallace@example.net,Kiribati,2024-02-03
446,Jillian Wilson,bmcgee@example.org,Iraq,2024-10-12
447,Joshua Petersen,pamela83@example.net,Paraguay,2024-11-15
448,Heidi Brown,meganrivera@example.net,Netherlands Antilles,2024-11-28
449,Heidi Chavez,malonejeffrey@example.com,Guinea,2025-09-01
450,Rebecca Kelley,jacqueline02@example.com,Burundi,2025-08-26
451,Mikayla Rodriguez,jacobconrad@example.com,Cuba,2024-11-15
452,Cheryl Morgan,owilliams@example.net,Namibia,2024-03-01
453,Joanna Barrett,tamarasmith@example.net,Australia,2025-01-29
454,Sara Webb,heatherthompson@example.org,Bosnia and Herzegovina,2024-09-22
455,Lisa Morris,mbarnes@example.net,Serbia,2024-06-06
456,Victor Waller,iballard@example.com,Netherlands,2025-05-23
457,Kayla Cameron,jennifer83@example.org,Cote d'Ivoire,2025-03-25
458,Melissa Morse,tinasantos@example.org,Macao,2025-01-21
459,Erica Wilson,anna99@example.net,Russian Federation,2024-10-16
460,Stephanie Ferguson,hstokes@example.org,Anguilla,2024-09-17
461,Michael Gonzalez,tonyavega@example.org,Taiwan,2024-01-14
462,Elizabeth Molina,howardshaun@example.net,Trinidad and Tobago,2025-05-04
463,Sharon Newton,yyoung@example.net,France,2025-05-18
464,Tammy Hughes,tammy00@example.net,El Salvador,2024-05-02
465,Priscilla Berg,rhondabush@example.net,Heard Island and McDonald Islands,2025-07-05
466,Nancy Gonzalez,kellythompson@example.net,Belarus,2024-04-20
467,Nancy Wilson,pattersonangela@example.org,Central African Republic,2025-02-22
468,Abigail Owens,billmcfarland@example.net,Austria,2025-07-19
469,Lisa Stanley,jtyler@example.com,Barbados,2025-07-27
470,Kelly Krueger,hartmanerik@example.net,Mauritania,2024-10-05
471,Daniel Lewis,mark43@example.net,Marshall Islands,2024-11-29
472,Samantha Zavala MD,sean99@example.org,Armenia,2025-05-10
473,Jane Hogan,cruzamber@example.com,Anguilla,2025-11-03
474,Patricia Robertson,stucker@example.net,Congo,2024-08-01
475,Tiffany Jackson,simsjason@example.net,Singapore,2024-05-10
476,Jessica Garcia,elucas@example.net,Poland,2024-03-25
477,Mitchell Johnson,brownlaura@example.net,Barbados,2025-02-15
478,Susan Russell,bmccoy@example.com,Andorra,2024-09-24
479,Kimberly May,avilabrenda@example.net,Thailand,2024-01-22
480,Jonathan Roberts,catherine47@example.com,Indonesia,2025-08-26
481,Kara Ferguson,julierobles@example.net,French Polynesia,2025-04-02
482,Michael Sloan,susan08@example.net,Cambodia,2024-03-01
483,Kenneth Long,torreskaitlin@example.net,Guatemala,2024-05-09
484,Matthew Hunt,jackjensen@example.com,Congo,2024-02-24
485,Robert Phelps,enewman@example.com,Paraguay,2024-01-18
486,Craig Carpenter,michael31@example.com,Niger,2024-01-20
487,Emily Hayes,heather29@example.net,Haiti,2025-08-15
488,Jeffrey Smith,kristenjoseph@example.net,Jordan,2024-06-28
489,Brandy Quinn,wford@example.com,Libyan Arab Jamahiriya,2025-01-28
490,Matthew Miller,michele28@example.org,Estonia,2025-06-18
491,Angela Jones,atkinsoncrystal@example.net,Mozambique,2024-10-06
492,Christy Johnson,amy87@example.net,Singapore,2024-03-21
493,Daniel Barton,dennis88@example.org,Indonesia,2024-09-04
494,Mary Charles,katherinetaylor@example.org,Christmas Island,2025-02-08
495,Mary Faulkner,ccrosby@example.org,Senegal,2024-12-09
496,Dennis Young,aprilmoody@example.com,Latvia,2025-11-08
497,Anthony Hooper,dakota84@example.net,Estonia,2025-02-18
498,Carrie Valdez,briana18@example.com,Honduras,2025-10-31
499,Jared Roth,tommy79@example.org,Macao,2025-10-12
500,Christopher Jones,jason22@example.com,Netherlands,2025-06-06
501,Mary Perry,jennifer77@example.com,Cote d'Ivoire,2025-02-27
502,Roy Johnson,andersonbrittany@example.org,Norfolk Island,2024-12-29
503,Kenneth Brown,sandra86@example.net,Mongolia,2025-04-05
504,Nathan Stanley,stacey37@example.net,Latvia,2025-09-30
505,Mr. Jason Thomas,cindydixon@example.org,Saint Kitts and Nevis,2025-05-12
506,Jesse Garza,nicholasanderson@example.org,Cook Islands,2025-01-06
507,Kathy Barnes,catherinethompson@example.net,Netherlands Antilles,2023-12-27
508,Kim Goodwin,olsondavid@example.net,Mauritius,2025-08-30
509,Todd Gregory,xboyd@example.org,Qatar,2025-01-11
510,Todd Olson,zbell@example.net,United States of America,2025-07-10
511,Laura Coleman,thomas31@example.com,Netherlands Antilles,2025-10-08
512,Deanna Smith,lanedavid@example.org,Honduras,2025-04-18
513,Robert Ortiz,mooredenise@example.com,Eritrea,2025-09-21
514,Krystal Carr,afischer@example.net,Slovenia,2025-02-02
515,Mr. Justin King,becky62@example.net,British Indian Ocean Territory (Chagos Archipelago),2025-06-29
516,Richard Avery,lewisrichard@example.com,Spain,2025-01-27
517,Melinda Williams,aoconnell@example.org,Swaziland,2024-03-18
518,Kyle Davis,jeffrey19@example.org,Saint Kitts and Nevis,2024-09-20
519,Jennifer Douglas,jennifer90@example.org,Northern Mariana Islands,2024-12-14
520,Dakota Sandoval,james98@example.net,Qatar,2024-05-24
521,Megan Ward,cantrellchristopher@example.com,Slovakia (Slovak Republic),2024-10-02
522,James Willis,mclaughlincasey@example.org,Mexico,2024-07-04
523,Kristin Aguilar,sylvia43@example.net,Congo,2024-11-14
524,Laura Green,jhunter@example.org,Macao,2024-07-12
525,Bruce Palmer,nancy94@example.net,Kenya,2024-09-14
526,Patricia Todd,lmaldonado@example.org,Liberia,2024-02-25
527,James Kramer,ericahall@example.com,Isle of Man,2024-08-27
528,Alexandra Collier,justinross@example.net,Swaziland,2024-08-18
529,Timothy Woods,jeffery94@example.org,Yemen,2025-06-28
530,Susan Porter,jimmyallen@example.com,Costa Rica,2024-05-23
531,David Montgomery,kimberlywilson@example.org,Philippines,2025-04-25
532,Aaron Vincent DVM,uwatson@example.com,Ukraine,2025-10-11
533,Sheila Henry,raymond92@example.org,Malta,2025-08-08
534,Todd Johnson,phillip27@example.org,Qatar,2025-01-02
535,Michael Smith,nicolasgarcia@example.com,New Zealand,2025-09-26
536,Joshua Young,vmullen@example.com,Colombia,2024-12-18
537,Jason Goodwin,melissa47@example.org,Montserrat,2024-03-07
538,Melissa Olsen,linda86@example.com,Congo,2024-03-19
539,Nancy Kennedy,thompsonvictor@example.net,Maldives,2025-01-14
540,Rachel Evans,rosshannah@example.org,Cuba,2025-08-20
541,Ryan Davis,jordan58@example.net,Venezuela,2025-08-17
542,Alejandro Martinez,barbarasantos@example.net,China,2025-07-25
543,Frederick Dixon,ypreston@example.net,France,2024-11-21
544,Brianna Jackson,robert99@example.com,Thailand,2025-10-31
545,Christopher Perez,denise49@example.net,Indonesia,2024-06-24
546,Priscilla Mcmillan,lgutierrez@example.org,Brunei Darussalam,2025-06-14
547,David Manning,clarkrandy@example.org,Bahrain,2025-11-23
548,Kimberly Johnson,fwarren@example.org,Estonia,2025-03-21
549,Matthew Mcclure,jerome47@example.net,Brunei Darussalam,2024-03-07
550,Carolyn Johnson,michelle57@example.com,Trinidad and Tobago,2025-01-19
551,Kimberly Taylor,brittanybryant@example.net,North Macedonia,2025-10-08
552,Kelly Fowler,regina78@example.org,Sri Lanka,2024-02-04
553,Jacob Green,alex82@example.com,France,2024-11-25
554,Melissa Vasquez,xevans@example.com,South Georgia and the South Sandwich Islands,2024-07-11
555,Rebecca Kelley,robertcastro@example.com,Egypt,2024-04-01
556,Maria Clayton,josehenderson@example.org,Maldives,2025-07-12
557,Lisa Benson,justin84@example.com,Comoros,2025-09-19
558,Chad Rodriguez,rwilliamson@example.net,Nigeria,2024-12-13
559,Alec Williams,lopezcurtis@example.com,Brunei Darussalam,2025-06-04
560,Adam Davis,snydermatthew@example.com,Solomon Islands,2025-08-08
561,Mr. Michael Johnson Jr.,brianrowe@example.org,Mayotte,2024-11-26
562,Steven Wright,hclayton@example.net,Egypt,2024-09-20
563,Jessica Rojas,gonzalezjill@example.org,Mali,2025-04-27
564,Mrs. Melanie Collins,eric08@example.net,British Virgin Islands,2024-06-10
565,Mr. Isaac Williams,teresayoung@example.com,Greece,2023-12-08
566,Donald Wilson,albertwilliams@example.net,Lebanon,2025-05-14
567,Jacqueline Davis,vincentparks@example.com,Venezuela,2025-07-08
568,Amy Newman,martinezjesse@example.net,Solomon Islands,2025-04-10
569,Renee Gonzales,andrewgray@example.net,Burkina Faso,2024-06-08
570,Karina Kim,amy73@example.net,Colombia,2025-01-22
571,Nicholas Hill,caseymoore@example.com,Svalbard & Jan Mayen Islands,2024-06-18
572,Jordan Parsons,bgross@example.net,Togo,2024-09-04
573,Cynthia Le,rlee@example.com,Seychelles,2025-01-28
574,Douglas Ortiz,daniel81@example.org,Syrian Arab Republic,2025-11-24
575,Shane Harris,clee@example.net,Norway,2025-09-06
576,John Hanson,brandon39@example.net,Barbados,2023-12-07
577,Christine Henry,mcdonalddanielle@example.com,Moldova,2025-06-26
578,Jennifer Wood,colonjoseph@example.org,Saint Martin,2024-01-20
579,Angela Lewis,garciajerry@example.com,Comoros,2024-04-25
580,Danielle Garrett,angelagrant@example.net,Botswana,2025-07-14
581,Heather Ellis,kandrade@example.org,Mexico,2024-10-03
582,Mary Ferguson,umahoney@example.net,Greece,2025-09-13
583,Phillip Jordan,charlene98@example.org,Honduras,2025-07-13
584,Natasha Ward,zwest@example.org,Saint Kitts and Nevis,2023-12-23
585,Ms. Kelly Holder,adam33@example.com,Angola,2025-07-18
586,Melissa Hill,clintonstevens@example.org,Burundi,2024-06-19
587,Kevin Hall,christopher69@example.org,Saint Martin,2024-01-25
588,Rebecca Thompson,larsonkevin@example.net,Sri Lanka,2025-02-16
589,Richard Weeks,michael66@example.org,Trinidad and Tobago,2025-07-17
590,Matthew Guzman,walterscrystal@example.org,Gambia,2025-01-07
591,Joshua Hernandez,ericnunez@example.com,Kiribati,2025-07-03
592,Kathy Walker,kristie22@example.com,Belize,2024-11-30
593,Amber Ross,rossryan@example.net,Bulgaria,2025-07-10
594,Justin Freeman,annshea@example.net,Egypt,2024-06-02
595,Ricardo Morris,rodriguezrobert@example.com,Guernsey,2024-04-22
596,Kirk Johnson,gary59@example.com,Nigeria,2024-03-19
597,Thomas Hall,eric11@example.net,Austria,2024-06-02
598,Tammy Melton,alexander14@example.com,Latvia,2023-12-14
599,Patrick Lewis,ana92@example.net,Qatar,2025-04-29
600,Kevin Alvarado,scottbrian@example.org,Somalia,2025-05-21
601,Amy Pena,jonesdonna@example.net,Timor-Leste,2025-11-05
602,Sharon Smith,yhall@example.net,Russian Federation,2024-02-12
603,Kari Harper,lopezvincent@example.com,Monaco,2025-11-15
604,Amanda Nielsen,matthew62@example.org,Guatemala,2025-05-11
605,Mario Young,lisa46@example.org,Western Sahara,2025-01-31
606,Courtney Peterson,fsandoval@example.net,Hong Kong,2025-01-04
607,Lisa Garrett,robertberry@example.com,Georgia,2025-11-02
608,Joann Anderson,biancasutton@example.org,Tokelau,2024-03-13
609,Michael Mills,russellstout@example.org,Palau,2025-11-20
610,Brooke Jones,whitemary@example.org,Saint Lucia,2023-12-19
611,Sheryl Gutierrez,vturner@example.net,Venezuela,2025-06-22
612,Richard Rodriguez,anthonyodom@example.net,Ethiopia,2025-03-11
613,Crystal Hall,howardhailey@example.com,Burkina Faso,2024-12-21
614,Julie Banks,melissahenry@example.org,Central African Republic,2024-04-25
615,Jason Novak,stephanie33@example.org,Bahrain,2024-04-12
616,Victoria Camacho,dwatts@example.org,Japan,2024-10-06
617,Lisa Holloway,phillip99@example.net,Malta,2025-04-08
618,Rachel Meyer,cbryant@example.org,Maldives,2025-01-17
619,Nicholas Grant,leescott@example.com,Singapore,2025-08-30
620,Christopher Phillips,vaughnrebecca@example.com,Switzerland,2025-04-11
621,Nathan Wilson,phillipmorris@example.org,Christmas Island,2024-11-13
622,Michelle Harris,udavis@example.net,Pakistan,2025-10-31
623,Carly Quinn,wilsonshannon@example.com,Belize,2025-01-06
624,Monica Hester,nicholasjames@example.org,United States Minor Outlying Islands,2024-08-13
625,Mary Hernandez,haroldjoseph@example.com,Gambia,2024-07-24
626,Tonya Roberts,davidanderson@example.org,Afghanistan,2025-03-24
627,Alexandria Jimenez,astephens@example.net,Turkmenistan,2024-12-14
628,Kevin Alvarez,mramos@example.net,Albania,2024-06-04
629,Diana Fuller,brandonhernandez@example.net,Guernsey,2023-12-25
630,Andrew Lane,mark10@example.org,Israel,2024-04-13
631,Duane Guerrero,tammycurry@example.com,Venezuela,2023-12-24
632,Edwin Richardson,wwilkins@example.com,Tajikistan,2025-01-27
633,John Martinez,mark68@example.org,Qatar,2024-05-07
634,Ashley Blair,webbhaley@example.net,France,2024-10-23
635,Emily Fox,sara99@example.com,Mali,2025-06-15
636,Katherine White,jeanettekrause@example.org,British Indian Ocean Territory (Chagos Archipelago),2023-12-15
637,Robert Mclaughlin,laurenduarte@example.com,Aruba,2024-08-12
638,Robert Lewis,hannahking@example.org,Gambia,2024-07-17
639,Erica Smith,matthew99@example.org,Syrian Arab Republic,2024-04-11
640,Roy Nielsen,zhendricks@example.org,Oman,2024-03-11
641,Mr. Steven Herrera,steven60@example.net,French Southern Territories,2025-02-07
642,Emily Herrera,barbararivera@example.com,Bahrain,2024-03-21
643,Andre Terrell,ashleyprice@example.net,Brazil,2025-09-28
644,Elizabeth Hodge,nelsonchristopher@example.org,Holy See (Vatican City State),2024-11-12
645,Elizabeth Warren,danielglover@example.org,United States Minor Outlying Islands,2024-02-06
646,Alexander Webb,jamesmclean@example.net,Tunisia,2025-01-06
647,Garrett Hammond,shortsharon@example.net,Bulgaria,2024-05-04
648,Julia Reeves,smithsarah@example.net,Thailand,2025-03-02
649,Felicia Small,meyerdonna@example.com,Angola,2025-02-17
650,Margaret Clark,jameshill@example.com,Sierra Leone,2024-11-03
651,Denise Moore,smithcindy@example.net,Bosnia and Herzegovina,2024-05-05
652,Kirsten Nelson,audrey21@example.com,New Zealand,2025-10-20
653,Jeremy Anderson,dberger@example.org,Hungary,2024-01-07
654,James Bush,tjensen@example.com,Svalbard & Jan Mayen Islands,2024-04-28
655,Megan Ferguson,fbradley@example.net,Lao People's Democratic Republic,2024-02-10
656,Michael Mckinney,oruiz@example.org,Tokelau,2025-10-22
657,Susan Myers,kristina57@example.com,Antarctica (the territory South of 60 deg S),2024-01-16
658,Gregory Murray,justinbailey@example.net,Brunei Darussalam,2024-12-25
659,Robert Robles,angela14@example.net,Kyrgyz Republic,2024-10-03
660,Cynthia Sanchez,terrireyes@example.com,Cote d'Ivoire,2025-08-20
661,Jessica Baird,amy32@example.net,Paraguay,2024-01-26
662,Michelle Copeland,vargassteven@example.net,Bhutan,2025-08-26
663,Eric Sullivan,jenningscandace@example.com,Greece,2024-12-14
664,Amy Robinson,paigeberger@example.net,Sudan,2023-11-27
665,Mary Chavez,peter97@example.org,Costa Rica,2025-05-09
666,Elizabeth Bauer,samantha65@example.org,Myanmar,2023-12-03
667,Kayla Abbott,bryan80@example.org,Romania,2025-02-03
668,Heather Callahan,youngjacqueline@example.com,Niue,2024-07-31
669,Jennifer Graham,elainewells@example.org,Moldova,2024-09-20
670,Heather Butler,whitney22@example.org,Barbados,2025-04-13
671,Nathan Tucker,iproctor@example.org,Burundi,2025-04-08
672,Shannon English,dhanson@example.net,Jamaica,2025-01-28
673,Janice Perez,kjacobs@example.com,Tanzania,2025-06-16
674,Jonathan Jenkins,arthur09@example.com,Romania,2024-09-08
675,John Vaughn,jessicafox@example.com,Lao People's Democratic Republic,2025-01-01
676,Steve Davis,qmccoy@example.net,Belarus,2025-05-11
677,Rebecca Edwards,bergeramanda@example.org,Latvia,2024-11-13
678,Julie Gross,zgomez@example.com,French Guiana,2024-04-05
679,Thomas Curry,bryan79@example.org,Montserrat,2024-01-06
680,Dorothy Mclaughlin,mitchellchristopher@example.net,Belarus,2025-09-18
681,Darlene Gilbert,michaela01@example.net,China,2025-11-02
682,Brittany Griffin,josehaynes@example.com,Cocos (Keeling) Islands,2025-08-08
683,Amanda Riggs,caitlinunderwood@example.com,Sao Tome and Principe,2024-10-12
684,Cynthia Alexander,jasonnavarro@example.com,Austria,2025-04-08
685,Robert Williams,tross@example.com,San Marino,2025-07-03
686,Cynthia Vega,jwells@example.net,Trinidad and Tobago,2024-10-29
687,Timothy Cole,suzanne01@example.net,Northern Mariana Islands,2024-08-27
688,Jessica Hull,matthew41@example.com,Palau,2025-02-22
689,Raymond Curry,aprilbyrd@example.org,Germany,2025-01-25
690,Adam Jones,gdavis@example.net,Kiribati,2024-08-26
691,Douglas Lee,harveybrian@example.net,Palestinian Territory,2025-10-21
692,Tiffany Little,millercassandra@example.com,Palestinian Territory,2025-07-12
693,Kylie Coffey,dominguezjon@example.com,Panama,2025-11-23
694,Jesse Carney,qschwartz@example.com,Equatorial Guinea,2024-03-31
695,Destiny Brown,dcook@example.com,Zimbabwe,2025-08-19
696,Jeremiah Vasquez,chelseywhite@example.com,Botswana,2024-03-17
697,Jessica Mendez,gainesjennifer@example.org,Antigua and Barbuda,2024-01-22
698,Nicholas Waters,mosleyeduardo@example.net,Afghanistan,2025-11-20
699,James Hernandez,rebecca90@example.net,Russian Federation,2025-11-26
700,Karen Powell,fernandezaaron@example.net,Svalbard & Jan Mayen Islands,2025-07-24
701,Mr. Timothy Howard,richard15@example.net,Timor-Leste,2024-08-17
702,Joe Miranda,gregorywilliams@example.com,Panama,2024-04-23
703,James Rodriguez,tom73@example.org,Argentina,2024-04-24
704,Zachary Allen,ibrown@example.net,Gambia,2024-12-19
705,Sandra Cole,johnsonbrian@example.net,Armenia,2024-10-06
706,Robert Contreras,ibentley@example.org,Saint Vincent and the Grenadines,2025-02-18
707,Benjamin Moss,evaldez@example.net,Aruba,2024-06-02
708,Bianca Jackson,conwaylori@example.org,Korea,2025-03-15
709,Kevin Meyers,wilsonbrooke@example.net,Cyprus,2024-01-15
710,Jessica Cain,rnguyen@example.net,Mayotte,2024-03-12
711,Vincent Lewis,watkinsmatthew@example.org,Falkland Islands (Malvinas),2024-03-15
712,Carol Wood,samuelfrost@example.org,Burkina Faso,2024-02-12
713,Lynn Bennett,alexistucker@example.org,Albania,2024-04-14
714,Michelle Wheeler,robert72@example.org,Cambodia,2025-04-06
715,Jerry Allen,cheryljohnson@example.org,Saint Barthelemy,2024-12-19
716,Anita Serrano,michael08@example.org,Congo,2024-02-26
717,Dr. Lisa Huffman,stevensims@example.org,Falkland Islands (Malvinas),2024-01-07
718,Robert Jennings,kjimenez@example.net,Uzbekistan,2023-12-30
719,Jackson Clark,matthew70@example.org,Saint Vincent and the Grenadines,2024-01-06
720,Casey Floyd,erobertson@example.org,Saint Helena,2024-11-06
721,Erika Gonzalez,jerry15@example.org,Bolivia,2024-05-29
722,Sheila Bennett,charlesrichards@example.org,Tuvalu,2024-10-30
723,Timothy Gibson,dbrooks@example.net,Congo,2025-03-31
724,Derrick Rogers,schwartzbrian@example.org,Bouvet Island (Bouvetoya),2025-09-18
725,Jason Wolf,oliviamunoz@example.net,Zambia,2025-03-15
726,Laura Tran,christophervincent@example.com,Tokelau,2024-05-13
727,Sara Ramirez,pfitzgerald@example.org,Greece,2024-10-29
728,Stephanie Vargas,robinvillanueva@example.com,Aruba,2023-12-28
729,Morgan Gordon MD,zmendoza@example.net,Swaziland,2024-02-11
730,David Hansen,steelerichard@example.org,Bulgaria,2024-08-31
731,Matthew Davis,kcaldwell@example.net,Kuwait,2025-09-23
732,Lauren Bray,tingram@example.com,Colombia,2025-08-01
733,Lori Padilla,daltonchad@example.net,Grenada,2025-01-12
734,Jeffery Nelson,kristinmiller@example.com,Saint Pierre and Miquelon,2025-11-20
735,Tony Leonard,rodriguezmichael@example.net,Armenia,2024-09-05
736,Matthew Bush,devonrogers@example.net,Brazil,2025-04-14
737,Todd Carpenter,karenhodges@example.com,Guinea,2025-10-24
738,Michael Ramirez,watsonshaun@example.net,Malta,2025-09-01
739,Michael Gregory,shannon51@example.org,Uganda,2025-10-13
740,Bobby Hurst,susan11@example.org,Falkland Islands (Malvinas),2024-02-22
741,Kathleen Golden,cartertara@example.net,Venezuela,2024-03-08
742,Jason Rojas,carterbryan@example.org,Syrian Arab Republic,2025-01-03
743,Jennifer Cooper,todd88@example.com,Kuwait,2024-07-20
744,Stephanie Parker,jeremy54@example.org,Cameroon,2024-08-27
745,Tyler Montgomery,jennifermitchell@example.org,Taiwan,2025-05-30
746,Mary Hernandez,darylchaney@example.net,Brunei Darussalam,2024-11-03
747,Cody Hart,wadetiffany@example.org,Holy See (Vatican City State),2024-11-09
748,Carla Turner,sullivanvictor@example.org,Yemen,2024-11-16
749,Brittney Cordova,deborah47@example.com,Western Sahara,2025-07-04
750,Ms. Bridget Cunningham,hmorgan@example.net,Lesotho,2025-10-26
751,Michael Wilson,moralesmary@example.com,Guinea-Bissau,2024-02-06
752,Lee Lee,kimberlywang@example.org,Angola,2024-01-30
753,Jill Powers,daughertypreston@example.com,Ghana,2025-03-09
754,Terri Kerr,raymond65@example.com,Holy See (Vatican City State),2023-12-06
755,Gregory Madden,lewispamela@example.net,Israel,2025-08-12
756,Christopher Luna,achandler@example.org,Syrian Arab Republic,2025-02-25
757,Briana Turner,carl96@example.org,Albania,2024-10-10
758,Denise Thompson,wpage@example.org,Cook Islands,2024-04-19
759,Donna Henry,mary47@example.net,Saint Vincent and the Grenadines,2024-11-20
760,Rick Moore,stephanie71@example.net,Papua New Guinea,2025-10-20
761,Christopher Knox,anthonyhubbard@example.com,Bangladesh,2025-03-06
762,Lauren Cunningham,courtney71@example.com,Malaysia,2025-06-18
763,Sarah Martin,thomassteven@example.net,Burkina Faso,2024-08-30
764,Dominic Barnes,brandon48@example.net,Vietnam,2024-01-25
765,Pamela White,georgegary@example.com,Tunisia,2024-07-29
766,Melinda Turner,cody95@example.org,American Samoa,2024-03-12
767,Jacqueline Washington,samantha21@example.org,Cape Verde,2024-12-21
768,Colin Prince,butlersabrina@example.org,Svalbard & Jan Mayen Islands,2024-03-07
769,Karen Collins,don79@example.net,Serbia,2024-08-18
770,Eric Garner,walkermelissa@example.org,Portugal,2024-05-20
771,Daniel Zavala,yvazquez@example.org,Belarus,2023-12-11
772,Nicole Williams,johnsondonna@example.net,Bahamas,2024-11-25
773,David Jones,websterkimberly@example.net,Costa Rica,2025-02-25
774,Cathy Bell,thomasjulie@example.com,Yemen,2025-02-19
775,Christopher Mason,williamjones@example.net,Serbia,2023-12-07
776,Michelle Brandt,rachelmedina@example.net,Bolivia,2025-11-13
777,Jonathan Zimmerman,helen27@example.net,Botswana,2024-04-15
778,Vicki Coleman,rickjuarez@example.com,British Virgin Islands,2024-11-22
779,Chad Farmer,angela01@example.com,Lithuania,2024-02-24
780,Jesus Fitzgerald,aperez@example.com,Timor-Leste,2024-10-24
781,Benjamin Randall,xcrosby@example.org,American Samoa,2025-05-03
782,Brian Kim DDS,wilsonralph@example.net,Nauru,2024-02-14
783,Stephanie Jackson,theresa53@example.net,Tanzania,2024-10-06
784,Ryan Hardy,kathy99@example.com,Saudi Arabia,2025-08-01
785,Terri Kelly,garcher@example.com,Cameroon,2025-07-15
786,Bryan Burns,courtneytaylor@example.org,Saint Pierre and Miquelon,2024-01-07
787,Kathleen Johnson,patrickshelton@example.org,Gabon,2025-03-24
788,Paige Guerrero,msparks@example.com,Panama,2024-12-17
789,Dennis Cooper PhD,cisnerosanthony@example.com,Turkmenistan,2025-11-06
790,Jerry Farrell,cstevens@example.org,Moldova,2025-04-22
791,Elizabeth Mccarthy,tjordan@example.net,Iceland,2024-12-09
792,Laura Henry,kalvarez@example.net,Azerbaijan,2024-09-25
793,Kevin Gray,katie45@example.org,Antarctica (the territory South of 60 deg S),2025-02-27
794,Russell Bailey,hubbardcolleen@example.com,Bhutan,2024-10-24
795,Hunter Bell,johnwong@example.net,Belize,2025-11-03
796,Sheila Wilson,andrewnguyen@example.com,Palestinian Territory,2025-09-27
797,Jose Fisher,dominguezbrianna@example.com,Honduras,2025-02-12
798,Kenneth Stokes,vazquezjamie@example.com,Macao,2025-08-18
799,Gina Mendez,tara37@example.net,Tanzania,2025-07-30
800,Samuel Lewis,brandon96@example.org,Nigeria,2025-06-26
801,Michelle Lane,joshua98@example.com,Japan,2024-05-07
802,Billy Colon,ryan85@example.org,Israel,2024-10-04
803,Jose Powers,nicoleburton@example.net,Tokelau,2024-04-19
804,Christy Hayden,oadams@example.net,Sudan,2025-03-18
805,Susan Michael,boydmichael@example.org,Dominican Republic,2024-03-22
806,Pamela Richard,eflores@example.net,Costa Rica,2025-09-14
807,Rodney Lucas,gloria36@example.org,Brazil,2024-03-22
808,David Wilcox,bwashington@example.com,Oman,2025-10-30
809,Christopher Taylor,kristine48@example.org,Norway,2025-09-19
810,Nathan Casey,heathchristopher@example.net,French Southern Territories,2025-09-30
811,Troy Mosley,sandersmary@example.org,Dominica,2024-02-21
812,Kathryn Martinez,tyler13@example.net,British Virgin Islands,2025-07-19
813,Erin Silva,vshaffer@example.org,Vietnam,2024-10-20
814,Brian Lewis,scott49@example.org,Liechtenstein,2025-01-14
815,Travis Stewart,pwells@example.com,Turkmenistan,2025-07-28
816,Heidi Baldwin,andrew90@example.net,Panama,2025-08-08
817,Melissa Mccormick,johnnycruz@example.net,Reunion,2024-09-03
818,Melinda Nichols,miaprice@example.com,Vanuatu,2025-11-08
819,Brandon Carson,kennethvillarreal@example.org,United States Virgin Islands,2024-11-01
820,Sherry Wang,rmccormick@example.org,Swaziland,2025-07-24
821,Kaitlin Gutierrez,jennifer12@example.net,Eritrea,2024-12-24
822,Jason Daniel,shawn00@example.net,Norway,2024-04-17
823,Rachel Taylor,tgonzalez@example.com,Morocco,2024-01-29
824,David Reeves,melaniejennings@example.com,Korea,2024-12-02
825,Brandi Thompson,lauren31@example.com,Heard Island and McDonald Islands,2024-04-16
826,James Davenport,andrewjohnson@example.net,Oman,2025-03-16
827,Susan Mccann,josechristian@example.org,Iran,2025-03-21
828,David Davis,george91@example.org,Saint Barthelemy,2025-01-08
829,Thomas Chavez,twilson@example.org,Comoros,2025-09-26
830,Deborah Francis,nanderson@example.net,Cuba,2025-08-28
831,Michael Barnes,bsparks@example.com,Estonia,2024-05-27
832,Susan Wood,emiller@example.org,Tunisia,2024-08-04
833,Jennifer Lewis,verickson@example.net,Equatorial Guinea,2024-01-22
834,Anthony Cook,thomasgomez@example.net,Wallis and Futuna,2025-05-01
835,Linda Goodman,smithwilliam@example.com,Gabon,2024-09-28
836,Brandi Mcclain,carpenterjorge@example.net,Lithuania,2025-11-18
837,John Davis,hthomas@example.com,Aruba,2024-03-05
838,Dr. Douglas Ward MD,chloe48@example.com,Jordan,2025-10-20
839,Norman Henry,angelalivingston@example.net,South Georgia and the South Sandwich Islands,2024-11-02
840,Charles Hall,harrisonfrank@example.com,Jordan,2024-02-25
841,Tammy Williams MD,hellis@example.net,Tonga,2024-03-20
842,Brandon Oneill,marybrady@example.com,Mongolia,2025-10-18
843,Christy Bolton,foxashley@example.com,Uruguay,2024-01-25
844,Jonathan Davis,anthony16@example.com,Nauru,2025-11-17
845,Sara Hernandez,stevensjasmine@example.com,Korea,2025-03-29
846,Linda Smith,douglasstephanie@example.com,Yemen,2025-06-17
847,Dr. Rebecca Anderson DVM,marcus01@example.net,Zambia,2025-03-08
848,James Thompson,ndavis@example.org,Iceland,2025-07-24
849,Matthew Best,davidhenry@example.com,Saint Pierre and Miquelon,2025-08-14
850,Stephanie Munoz,elizabeth58@example.org,Liechtenstein,2024-11-06
851,Karen Hart,bdavis@example.com,Nicaragua,2024-04-19
852,Jeffery Williams,teresa32@example.com,Malta,2025-03-29
853,Angela Mcdonald,solomontim@example.org,Brunei Darussalam,2025-05-11
854,Sarah Mills,ashley81@example.org,Malaysia,2024-02-18
855,Jennifer Marshall,michael91@example.net,Andorra,2024-02-23
856,Julie Hartman,awilliams@example.net,French Southern Territories,2024-07-27
857,Jordan Santiago,matthew23@example.org,Belgium,2025-06-29
858,Mrs. Megan Hamilton,smithdarryl@example.org,Palau,2024-12-01
859,Jared Sandoval,nturner@example.com,Portugal,2025-05-03
860,Megan Ballard,martinezalexander@example.org,Suriname,2023-12-09
861,Chelsea Johnson,pwong@example.org,Jordan,2025-09-11
862,Rachel Lee,kayla27@example.com,Angola,2024-02-25
863,Christian Park,cruiz@example.net,Ecuador,2024-05-01
864,Ronald Myers,alan66@example.com,Saint Pierre and Miquelon,2025-02-18
865,Kristen Roberts,gross@example.net,Saint Kitts and Nevis,2025-03-15
866,Susan Dillon,jenniferrice@example.com,Morocco,2024-07-29
867,Debra Wong,nwilson@example.net,Guatemala,2024-11-09
868,Alisha Roberts,taylorkim@example.net,Cyprus,2025-02-25
869,Gina Guzman,sanderson@example.net,Rwanda,2024-09-25
870,Sandra Nunez,laura29@example.org,Finland,2025-05-16
871,Mary Anderson,ericvasquez@example.com,Western Sahara,2024-12-14
872,Daniel Williams,howardjose@example.net,Cayman Islands,2024-04-10
873,Stephanie Johnson,morgandaniel@example.org,British Indian Ocean Territory (Chagos Archipelago),2025-02-05
874,David Peterson,kayla84@example.org,Timor-Leste,2025-05-16
875,Lindsey Garcia,housesamuel@example.com,Tajikistan,2025-07-06
876,Brian Bishop,colonbobby@example.org,Chad,2025-03-30
877,Daniel Ward,jean87@example.net,Trinidad and Tobago,2024-02-12
878,Jack Fuentes,allisonscott@example.com,Seychelles,2025-07-16
879,Ruben Wells,william14@example.com,Saint Barthelemy,2025-07-05
880,Mark Sanchez,icobb@example.com,Isle of Man,2025-11-09
881,Jimmy Phelps,sherry72@example.org,Saint Barthelemy,2025-08-14
882,Andrea Morgan,kholden@example.com,Bahamas,2024-09-27
883,Mary May,levinetina@example.net,Turkey,2025-01-03
884,Jennifer Blackwell,jennifer55@example.org,Sweden,2024-07-01
885,Lisa Thomas,ngriffin@example.net,Nigeria,2025-07-31
886,Jessica Reed,trowe@example.org,Argentina,2025-01-17
887,Neil Singh,abigailfernandez@example.org,Bermuda,2024-12-28
888,Kelly Sherman,andrewzamora@example.net,Nauru,2024-06-14
889,Raymond Barber,dennismckenzie@example.com,Niue,2024-12-25
890,Anthony Curtis,westashley@example.org,Korea,2024-08-16
891,Dr. Virginia Cunningham,michaelmitchell@example.net,Montserrat,2025-05-02
892,James Mclaughlin,murphybrandi@example.com,Korea,2024-02-11
893,Jeffery Jenkins,brownpamela@example.com,Croatia,2024-11-07
894,Michael Powell,lwiggins@example.com,North Macedonia,2024-10-20
895,Melissa Gould PhD,jcolon@example.net,Brunei Darussalam,2024-12-07
896,Beverly Bush,bensonstanley@example.org,San Marino,2024-03-27
897,Jaclyn Crane,xrodriguez@example.net,French Guiana,2023-12-28
898,Autumn Torres,kevin70@example.org,Cambodia,2025-07-27
899,Amber Shannon,jason70@example.org,Mexico,2024-08-23
900,Andrew Olson,ariel56@example.com,Syrian Arab Republic,2025-06-08
901,Brandi Taylor,qgill@example.com,Canada,2025-09-29
902,Ann Weber,zhughes@example.com,Mauritius,2024-01-01
903,Stacy Fitzgerald,clinejasmine@example.net,Norfolk Island,2025-08-06
904,Ellen Brewer,leechristine@example.net,Saudi Arabia,2024-01-07
905,Kelly Christensen,martinezsharon@example.org,Andorra,2024-06-27
906,Danielle Thornton,imiller@example.net,Gibraltar,2024-10-04
907,Katherine Peck,samuel60@example.net,Ghana,2024-09-18
908,Brian Garcia,justinwhite@example.org,Cape Verde,2024-07-22
909,Meghan Brown,howard04@example.com,Bolivia,2024-08-01
910,Steven Scott,williamsjohn@example.net,Namibia,2024-05-28
911,Paul Cruz Jr.,floresangela@example.org,Liberia,2023-12-19
912,David Mercado,angela91@example.org,Serbia,2025-01-30
913,Beth Carroll,omiller@example.net,Costa Rica,2025-07-27
914,Jacqueline Galloway,amandahenderson@example.net,Korea,2023-12-29
915,John Calderon,denise20@example.org,Venezuela,2025-11-11
916,Mr. Ryan James,megan39@example.net,Finland,2024-01-01
917,Joseph Jones,fosterdavid@example.org,Saint Kitts and Nevis,2025-02-01
918,Dr. Christine Wagner PhD,cynthia74@example.org,Panama,2024-08-02
919,Joe Greene,sloandennis@example.org,New Caledonia,2024-12-01
920,Adam Thompson,ifarmer@example.org,Solomon Islands,2025-10-07
921,Angela Johnson,wchambers@example.com,Sweden,2025-03-08
922,Christopher Tate,martinezmitchell@example.org,Kenya,2023-12-04
923,Alejandro Campbell,james94@example.net,Cyprus,2024-05-26
924,Tracy Johnson,tconway@example.net,Cote d'Ivoire,2023-12-02
925,Roberto Foster,ashley72@example.net,Congo,2025-04-22
926,Megan Morrison,cameronanderson@example.org,Brunei Darussalam,2024-06-15
927,Savannah Ibarra,james08@example.net,El Salvador,2025-05-08
928,Jordan Pace,nashmarcus@example.com,Falkland Islands (Malvinas),2024-02-29
929,Julie Ward,stephensonjeffrey@example.com,Uruguay,2024-10-18
930,Emily Myers,christopher90@example.net,Czech Republic,2025-05-15
931,Benjamin Wright,markbrown@example.net,Bhutan,2023-12-18
932,Robert Watkins,mary31@example.com,Dominican Republic,2024-08-17
933,Samantha Stone,sherryparsons@example.net,Kazakhstan,2025-07-12
934,Jeremy Martinez,rangelnicholas@example.net,Bahrain,2025-07-26
935,Thomas Ramos,cheryl61@example.org,Philippines,2024-01-09
936,Elizabeth James,williamsonrobert@example.net,Solomon Islands,2025-04-22
937,Jody Marshall,nhobbs@example.org,Guadeloupe,2025-04-15
938,Rachel Gibson,briana11@example.org,Nepal,2025-06-03
939,Richard Lee,danascott@example.com,Liberia,2025-06-11
940,Charlene Taylor,brownlarry@example.com,Malaysia,2025-04-16
941,Emily Mcclure,dylanparker@example.com,French Guiana,2024-09-08
942,Kelly Sandoval,brianhunter@example.net,Togo,2024-01-08
943,Craig Gonzalez,kristenpeterson@example.net,Lebanon,2025-05-19
944,Julie Schwartz,christina65@example.org,Bosnia and Herzegovina,2024-11-13
945,Susan Crawford,fowlerheather@example.com,Nigeria,2024-05-10
946,Nicholas Cisneros,lindsay63@example.com,Colombia,2025-08-29
947,Heidi Jones MD,thomasscott@example.net,Myanmar,2025-11-04
948,Amanda Johnson,justinrobinson@example.com,Saint Helena,2024-04-10
949,Julian White,thompsonjose@example.org,Angola,2025-09-02
950,Jamie Cobb,morganjason@example.com,Dominican Republic,2024-09-09
951,Mary Pugh,ejohns@example.org,Cambodia,2025-10-12
952,Rebecca Lee,ubenson@example.net,Japan,2025-04-04
953,Angel Jensen,melissaphillips@example.org,Greece,2024-06-05
954,Robert Salas,fclark@example.com,Somalia,2025-04-25
955,Carol Hughes,victor72@example.com,Rwanda,2024-09-12
956,Karen Sosa,zadams@example.net,Uruguay,2025-08-02
957,Amanda Robinson,shannonyoung@example.org,Gambia,2024-10-22
958,Laura Walls,jonathan12@example.org,French Polynesia,2024-11-06
959,Crystal Williams,ronald76@example.com,Heard Island and McDonald Islands,2025-08-12
960,Mr. Alexander Alexander III,howardchristopher@example.net,Malaysia,2025-01-24
961,Rachel House,wilsonmichael@example.net,Cook Islands,2024-08-12
962,Gary Turner,james92@example.net,Saint Vincent and the Grenadines,2025-01-21
963,Alexa Evans,krista66@example.net,Saudi Arabia,2025-04-18
964,Matthew Hays,michelleperez@example.net,San Marino,2024-05-08
965,Jose Hartman,dsharp@example.com,Somalia,2024-02-01
966,Cole Carrillo,cclark@example.net,Antarctica (the territory South of 60 deg S),2024-09-13
967,Shane Torres,porterdonna@example.com,Guadeloupe,2024-05-20
968,Michael Powell,mark09@example.org,Uzbekistan,2024-03-14
969,Troy Rivera,nbaird@example.com,Bahrain,2025-01-15
970,John Murphy,tfowler@example.org,Chile,2024-02-16
971,Cassandra Serrano,mjohnson@example.org,United States Minor Outlying Islands,2024-09-21
972,David Keller,gibsonmiguel@example.org,Chile,2024-08-06
973,Jennifer Moore,andersonrobert@example.net,Bangladesh,2024-09-24
974,Sharon Anderson,kylemeyers@example.net,Lebanon,2024-03-29
975,Teresa Matthews,ahill@example.org,Kiribati,2024-01-15
976,Lisa Wright,renee77@example.com,Morocco,2023-12-27
977,Donna Ibarra,treed@example.com,India,2025-03-17
978,Sarah Perry,rachelquinn@example.com,Hungary,2025-11-03
979,Melissa Davis,allenmonica@example.com,Turkmenistan,2025-03-28
980,Mary Jones,reginajenkins@example.net,British Virgin Islands,2024-09-08
981,Brian Miranda,robert24@example.org,Madagascar,2023-12-31
982,Benjamin Neal,vjames@example.com,Togo,2024-04-25
983,Adam Wilson,markgoodman@example.com,Kyrgyz Republic,2024-01-19
984,Matthew Reeves,rtaylor@example.org,Chile,2025-09-08
985,Brian Phillips,qjackson@example.org,Philippines,2024-06-26
986,Hunter Robinson,staffordamanda@example.com,Qatar,2024-01-03
987,Robin Davidson,myerskyle@example.org,Netherlands Antilles,2023-11-30
988,James Harris,nicholasallen@example.org,Andorra,2024-10-19
989,Adrian Hoover,walkernicole@example.net,Chad,2025-06-11
990,Jason Rodriguez,marcus39@example.org,Vietnam,2025-01-20
991,Jeffrey Hall,kellyglenn@example.com,Palau,2024-07-29
992,Daniel Robinson,debra50@example.org,Turks and Caicos Islands,2024-05-14
993,Randall Porter,marquezkylie@example.net,Chile,2024-06-09
994,Lindsay Jarvis,xgregory@example.net,Burkina Faso,2024-08-10
995,Philip Watts,bjones@example.net,United States Minor Outlying Islands,2025-02-23
996,Jorge Harmon,hallchristina@example.org,Georgia,2024-05-28
997,Nicole Harvey,taylorvictor@example.org,Canada,2024-09-13
998,Andrew Mclean,vstevenson@example.org,Fiji,2024-07-30
999,Paige Meyer,swong@example.org,Denmark,2025-09-14
1000,Grace Harris,knoxelizabeth@example.org,Spain,2025-05-13
