Product ID,Product Name,Category,Price
1,Quality-focused background parallelism,Clothing,21.88
2,Optimized 5thgeneration algorithm,Books,296.04
3,Cross-group didactic emulation,Books,253.13
4,Profit-focused real-time algorithm,Clothing,456.68
5,Realigned dedicated structure,Electronics,464.64
6,Streamlined tangible moratorium,Books,38.68
7,Operative directional knowledge user,Sports,491.17
8,Reverse-engineered even-keeled workforce,Sports,294.28
9,Adaptive well-modulated workforce,Sports,279.06
10,Diverse tangible interface,Books,446.81
11,Mandatory even-keeled collaboration,Clothing,292.93
12,Extended well-modulated Graphical User Interface,Sports,170.87
13,Customer-focused background implementation,Sports,446.68
14,Cross-platform heuristic hardware,Home,375.57
15,Robust empowering workforce,Electronics,461.08
16,Balanced upward-trending knowledgebase,Sports,467.32
17,Public-key bottom-line implementation,Home,206.22
18,Configurable neutral frame,Sports,496.35
19,Self-enabling regional hierarchy,Clothing,237.97
20,Re-engineered content-based strategy,Books,66.57
21,Cloned 6thgeneration protocol,Books,277.86
22,Focused zero administration frame,Sports,388.39
23,Configurable discrete attitude,Sports,267.39
24,Multi-tiered even-keeled knowledgebase,Home,362.67
25,Sharable high-level complexity,Home,52.95
26,Multi-layered heuristic database,Sports,445.18
27,Synchronized encompassing standardization,Clothing,462.15
28,Synergized secondary archive,Sports,221.38
29,Robust scalable concept,Sports,128.83
30,Public-key upward-trending encryption,Books,328.75
31,Diverse maximized implementation,Books,254.52
32,Future-proofed scalable solution,Clothing,423.48
33,Realigned directional software,Books,210.2
34,Inverse zero administration time-frame,Home,162.11
35,Centralized discrete alliance,Sports,398.58
36,Intuitive impactful flexibility,Clothing,288.47
37,Cloned didactic open system,Home,421.17
38,Universal foreground data-warehouse,Home,194.79
39,Streamlined modular infrastructure,Home,488.25
40,Stand-alone logistical circuit,Clothing,164.99
41,Fundamental client-driven encryption,Clothing,93.67
42,User-friendly next generation monitoring,Clothing,67.85
43,Fundamental value-added paradigm,Electronics,209.11
44,Optimized optimal initiative,Electronics,279.4
45,Multi-lateral directional challenge,Sports,285.44
46,Profound modular array,Books,201.23
47,Versatile actuating budgetary management,Home,318.51
48,Distributed responsive complexity,Clothing,287.79
49,Synergized interactive policy,Sports,243.83
50,Cloned human-resource implementation,Books,399.49
